Society,0
World news,1
US news,2
Politics,3
Business,4
Culture,5
UK news,6
Television & radio,7
Environment,8
Crosswords,9
Australia news,10
Football,11
Film,12
Law,13
Sport,14
News,15
Opinion,16
Stage,17
Music,18
Education,19
Fashion,20
Books,21
Life and style,22
Media,23
Science,24
Food,25
Art and design,26
Global development,27
Technology,28
Games,29
Cities,30
Guardian Masterclasses,31
Money,32
Membership,33
Travel,34
Guardian Careers,35
Community,36
From the Observer,37
Business to business,38
Global,39
GNM education centre,40
Practical dreamers,41
GNM press office,42
Info,43
Housing Network,44
Guardian Sustainable Business,45
Teacher Network,46
From the Guardian,47
Inequality,48
Voluntary Sector Network,49
Public Leaders Network,50
Global Challenges Foundation,51
